"LOGIN DATE/TIME","LOGOUT DATE/TIME",USERNAME,"MAC ADDRESS","IP ADDRESS","IPV6 ADDRESS",ZONE,"NAS ID",REASON,"TOTAL TIME","AVERAGE SPEED","TRAFFIC USED",CLASS,BRAND,MODEL,TENANT
"2022-02-09 15:17:25","2022-02-09 15:18:28",pfsense,2c:db:07:c5:10:39,172.16.100.43,,Din-tests,CaptivePortal-kiwire,NAS-Request,00:01:00,0.0557,0.3404,Desktop,Unknown,Unknown,default
"2022-02-09 15:18:29","2022-02-09 15:18:42",pfsense,2c:db:07:c5:10:39,172.16.100.43,,Din-tests,CaptivePortal-kiwire,Admin-Reset,00:00:07,0.0156,0.0083,Desktop,Unknown,Unknown,default
"2022-02-09 15:30:48","2022-02-09 15:31:31",pfsense,2c:db:07:c5:10:39,172.16.100.43,,Din-tests,CaptivePortal-kiwire,NAS-Request,00:01:00,1.5322,0.7292,Desktop,Unknown,Unknown,default
"2022-02-09 15:31:32","2022-02-09 15:32:32",pfsense,2c:db:07:c5:10:39,172.16.100.43,,Din-tests,CaptivePortal-kiwire,NAS-Request,00:01:00,0.1953,0.2453,Desktop,Unknown,Unknown,default
"2022-02-09 15:32:33","2022-02-09 15:33:33",pfsense,2c:db:07:c5:10:39,172.16.100.43,,Din-tests,CaptivePortal-kiwire,NAS-Request,00:01:00,0.0215,0.1926,Desktop,Unknown,Unknown,default
"2022-02-09 15:33:35","2022-02-09 15:33:44",pfsense,2c:db:07:c5:10:39,172.16.100.43,,Din-tests,CaptivePortal-kiwire,Admin-Reset,00:00:56,0.0420,0.0422,Desktop,Unknown,Unknown,default
"2022-02-09 15:34:02","2022-02-09 15:34:35",pfsense,2c:db:07:c5:10:39,172.16.100.43,,Din-tests,CaptivePortal-kiwire,NAS-Request,00:01:00,1.4678,0.6462,Desktop,Unknown,Unknown,default
"2022-02-09 15:34:36","2022-02-09 15:35:36",pfsense,2c:db:07:c5:10:39,172.16.100.43,,Din-tests,CaptivePortal-kiwire,NAS-Request,00:01:00,0.0215,0.1435,Desktop,Unknown,Unknown,default
"2022-02-09 15:35:37","2022-02-09 15:36:37",pfsense,2c:db:07:c5:10:39,172.16.100.43,,Din-tests,CaptivePortal-kiwire,NAS-Request,00:01:00,0.0615,0.3273,Desktop,Unknown,Unknown,default
"2022-02-09 15:36:38","2022-02-09 15:37:38",pfsense,2c:db:07:c5:10:39,172.16.100.43,,Din-tests,CaptivePortal-kiwire,NAS-Request,00:01:00,0.1084,1.3149,Desktop,Unknown,Unknown,default
"2022-02-09 15:37:39","2022-02-09 15:38:40",pfsense,2c:db:07:c5:10:39,172.16.100.43,,Din-tests,CaptivePortal-kiwire,NAS-Request,00:01:00,0.0313,0.1594,Desktop,Unknown,Unknown,default
"2022-02-09 15:38:41","2022-02-09 15:39:41",pfsense,2c:db:07:c5:10:39,172.16.100.43,,Din-tests,CaptivePortal-kiwire,NAS-Request,00:01:00,3.1191,0.2016,Desktop,Unknown,Unknown,default
"2022-02-09 15:39:42","2022-02-09 15:40:42",pfsense,2c:db:07:c5:10:39,172.16.100.43,,Din-tests,CaptivePortal-kiwire,NAS-Request,00:01:00,49.2520,378.9606,Desktop,Unknown,Unknown,default
"2022-02-09 15:40:43","2022-02-09 15:41:43",pfsense,2c:db:07:c5:10:39,172.16.100.43,,Din-tests,CaptivePortal-kiwire,NAS-Request,00:01:00,0.3145,1.2062,Desktop,Unknown,Unknown,default
"2022-02-09 15:41:44","2022-02-09 15:42:44",pfsense,2c:db:07:c5:10:39,172.16.100.43,,Din-tests,CaptivePortal-kiwire,NAS-Request,00:01:00,0.2197,0.5925,Desktop,Unknown,Unknown,default
"2022-02-09 15:42:45","2022-02-09 15:43:45",pfsense,2c:db:07:c5:10:39,172.16.100.43,,Din-tests,CaptivePortal-kiwire,NAS-Request,00:01:00,0.0703,0.2783,Desktop,Unknown,Unknown,default
"2022-02-09 15:43:46","2022-02-09 15:44:47",pfsense,2c:db:07:c5:10:39,172.16.100.43,,Din-tests,CaptivePortal-kiwire,NAS-Request,00:01:00,0.1162,0.4445,Desktop,Unknown,Unknown,default
"2022-02-09 15:44:48","2022-02-09 15:45:48",pfsense,2c:db:07:c5:10:39,172.16.100.43,,Din-tests,CaptivePortal-kiwire,NAS-Request,00:01:00,0.0205,0.1541,Desktop,Unknown,Unknown,default
"2022-02-09 15:45:49","2022-02-09 15:46:49",pfsense,2c:db:07:c5:10:39,172.16.100.43,,Din-tests,CaptivePortal-kiwire,NAS-Request,00:01:00,0.7480,0.5211,Desktop,Unknown,Unknown,default
"2022-02-09 15:46:50","2022-02-09 15:47:50",pfsense,2c:db:07:c5:10:39,172.16.100.43,,Din-tests,CaptivePortal-kiwire,NAS-Request,00:01:00,0.0186,0.1369,Desktop,Unknown,Unknown,default
"2022-02-09 15:47:51","2022-02-09 15:48:51",pfsense,2c:db:07:c5:10:39,172.16.100.43,,Din-tests,CaptivePortal-kiwire,NAS-Request,00:01:00,0.0137,0.1158,Desktop,Unknown,Unknown,default
"2022-02-09 15:48:52","2022-02-09 15:49:53",pfsense,2c:db:07:c5:10:39,172.16.100.43,,Din-tests,CaptivePortal-kiwire,NAS-Request,00:01:00,0.0107,0.0632,Desktop,Unknown,Unknown,default
"2022-02-09 15:49:54","2022-02-09 15:50:54",pfsense,2c:db:07:c5:10:39,172.16.100.43,,Din-tests,CaptivePortal-kiwire,NAS-Request,00:01:00,0.0039,0.0411,Desktop,Unknown,Unknown,default
"2022-02-09 15:50:55","2022-02-09 15:51:55",pfsense,2c:db:07:c5:10:39,172.16.100.43,,Din-tests,CaptivePortal-kiwire,NAS-Request,00:01:00,0.0049,0.0458,Desktop,Unknown,Unknown,default
"2022-02-09 15:51:56","2022-02-09 15:52:56",pfsense,2c:db:07:c5:10:39,172.16.100.43,,Din-tests,CaptivePortal-kiwire,NAS-Request,00:01:00,0.0068,0.0746,Desktop,Unknown,Unknown,default
"2022-02-09 15:52:57","2022-02-09 15:53:57",pfsense,2c:db:07:c5:10:39,172.16.100.43,,Din-tests,CaptivePortal-kiwire,NAS-Request,00:01:00,0.0098,0.0719,Desktop,Unknown,Unknown,default
"2022-02-09 15:53:58","2022-02-09 15:54:59",pfsense,2c:db:07:c5:10:39,172.16.100.43,,Din-tests,CaptivePortal-kiwire,NAS-Request,00:01:00,0.0176,0.0732,Desktop,Unknown,Unknown,default
"2022-02-09 15:55:00","2022-02-09 15:56:00",pfsense,2c:db:07:c5:10:39,172.16.100.43,,Din-tests,CaptivePortal-kiwire,NAS-Request,00:01:00,0.0068,0.0573,Desktop,Unknown,Unknown,default
"2022-02-09 15:56:01","2022-02-09 15:57:01",pfsense,2c:db:07:c5:10:39,172.16.100.43,,Din-tests,CaptivePortal-kiwire,NAS-Request,00:01:00,0.1143,0.1746,Desktop,Unknown,Unknown,default
"2022-02-09 15:57:02","2022-02-09 15:58:03",pfsense,2c:db:07:c5:10:39,172.16.100.43,,Din-tests,CaptivePortal-kiwire,NAS-Request,00:01:00,1.6162,1.5990,Desktop,Unknown,Unknown,default
"2022-02-09 15:58:04","2022-02-09 15:59:04",pfsense,2c:db:07:c5:10:39,172.16.100.43,,Din-tests,CaptivePortal-kiwire,NAS-Request,00:01:00,0.9072,1.0444,Desktop,Unknown,Unknown,default
"2022-02-09 15:59:05","2022-02-09 16:00:05",pfsense,2c:db:07:c5:10:39,172.16.100.43,,Din-tests,CaptivePortal-kiwire,NAS-Request,00:01:00,0.8330,2.1974,Desktop,Unknown,Unknown,default
"2022-02-09 16:00:06","2022-02-09 16:01:06",pfsense,2c:db:07:c5:10:39,172.16.100.43,,Din-tests,CaptivePortal-kiwire,NAS-Request,00:01:00,0.7549,1.1965,Desktop,Unknown,Unknown,default
"2022-02-09 16:01:07","2022-02-09 16:02:07",pfsense,2c:db:07:c5:10:39,172.16.100.43,,Din-tests,CaptivePortal-kiwire,NAS-Request,00:01:00,1.5957,1.4582,Desktop,Unknown,Unknown,default
"2022-02-09 16:02:08","2022-02-09 16:03:08",pfsense,2c:db:07:c5:10:39,172.16.100.43,,Din-tests,CaptivePortal-kiwire,NAS-Request,00:01:00,2.4697,0.4356,Desktop,Unknown,Unknown,default
"2022-02-09 16:03:09","2022-02-09 16:04:10",pfsense,2c:db:07:c5:10:39,172.16.100.43,,Din-tests,CaptivePortal-kiwire,NAS-Request,00:01:00,0.0059,0.0458,Desktop,Unknown,Unknown,default
"2022-02-09 16:04:11","2022-02-09 16:05:11",pfsense,2c:db:07:c5:10:39,172.16.100.43,,Din-tests,CaptivePortal-kiwire,NAS-Request,00:01:00,0.0049,0.0477,Desktop,Unknown,Unknown,default
"2022-02-09 16:05:12","2022-02-09 16:06:12",pfsense,2c:db:07:c5:10:39,172.16.100.43,,Din-tests,CaptivePortal-kiwire,NAS-Request,00:01:00,0.0049,0.0311,Desktop,Unknown,Unknown,default
"2022-02-09 16:06:13","2022-02-09 16:07:13",pfsense,2c:db:07:c5:10:39,172.16.100.43,,Din-tests,CaptivePortal-kiwire,NAS-Request,00:01:00,2.1465,0.7233,Desktop,Unknown,Unknown,default
"2022-02-09 16:07:14","2022-02-09 16:08:14",pfsense,2c:db:07:c5:10:39,172.16.100.43,,Din-tests,CaptivePortal-kiwire,NAS-Request,00:01:00,0.4863,0.7353,Desktop,Unknown,Unknown,default
"2022-02-09 16:08:15","2022-02-09 16:09:15",pfsense,2c:db:07:c5:10:39,172.16.100.43,,Din-tests,CaptivePortal-kiwire,NAS-Request,00:01:00,0.2617,0.3965,Desktop,Unknown,Unknown,default
"2022-02-09 16:09:17","2022-02-09 16:10:17",pfsense,2c:db:07:c5:10:39,172.16.100.43,,Din-tests,CaptivePortal-kiwire,NAS-Request,00:01:00,0.9082,0.9929,Desktop,Unknown,Unknown,default
"2022-02-09 16:10:18","2022-02-09 16:11:18",pfsense,2c:db:07:c5:10:39,172.16.100.43,,Din-tests,CaptivePortal-kiwire,NAS-Request,00:01:00,2.5254,1.0900,Desktop,Unknown,Unknown,default
"2022-02-09 16:11:19","2022-02-09 16:12:19",pfsense,2c:db:07:c5:10:39,172.16.100.43,,Din-tests,CaptivePortal-kiwire,NAS-Request,00:01:00,0.5527,0.4633,Desktop,Unknown,Unknown,default
"2022-02-09 16:12:20","2022-02-09 16:13:20",pfsense,2c:db:07:c5:10:39,172.16.100.43,,Din-tests,CaptivePortal-kiwire,NAS-Request,00:01:00,0.0869,0.4558,Desktop,Unknown,Unknown,default
"2022-02-09 16:13:21","2022-02-09 16:14:22",pfsense,2c:db:07:c5:10:39,172.16.100.43,,Din-tests,CaptivePortal-kiwire,NAS-Request,00:01:00,0.1230,0.1985,Desktop,Unknown,Unknown,default
"2022-02-09 16:14:23","2022-02-09 16:15:23",pfsense,2c:db:07:c5:10:39,172.16.100.43,,Din-tests,CaptivePortal-kiwire,NAS-Request,00:01:00,0.2832,0.5887,Desktop,Unknown,Unknown,default
"2022-02-09 16:15:24","2022-02-09 16:16:24",pfsense,2c:db:07:c5:10:39,172.16.100.43,,Din-tests,CaptivePortal-kiwire,NAS-Request,00:01:00,1.6113,1.4192,Desktop,Unknown,Unknown,default
"2022-02-09 16:16:25","2022-02-09 16:17:25",pfsense,2c:db:07:c5:10:39,172.16.100.43,,Din-tests,CaptivePortal-kiwire,NAS-Request,00:01:00,0.1846,0.3582,Desktop,Unknown,Unknown,default
"2022-02-09 16:17:26","2022-02-09 16:18:26",pfsense,2c:db:07:c5:10:39,172.16.100.43,,Din-tests,CaptivePortal-kiwire,NAS-Request,00:01:00,5.3877,1.8655,Desktop,Unknown,Unknown,default
"2022-02-09 16:18:27","2022-02-09 16:19:27",pfsense,2c:db:07:c5:10:39,172.16.100.43,,Din-tests,CaptivePortal-kiwire,NAS-Request,00:01:00,0.0146,0.1106,Desktop,Unknown,Unknown,default
"2022-02-09 16:19:28","2022-02-09 16:20:29",pfsense,2c:db:07:c5:10:39,172.16.100.43,,Din-tests,CaptivePortal-kiwire,NAS-Request,00:01:00,0.0195,0.1890,Desktop,Unknown,Unknown,default
"2022-02-09 16:20:30","2022-02-09 16:21:30",pfsense,2c:db:07:c5:10:39,172.16.100.43,,Din-tests,CaptivePortal-kiwire,NAS-Request,00:01:00,0.0371,0.0701,Desktop,Unknown,Unknown,default
"2022-02-09 16:21:31","2022-02-09 16:22:31",pfsense,2c:db:07:c5:10:39,172.16.100.43,,Din-tests,CaptivePortal-kiwire,NAS-Request,00:01:00,0.0107,0.0751,Desktop,Unknown,Unknown,default
"2022-02-09 16:22:32","2022-02-09 16:23:32",pfsense,2c:db:07:c5:10:39,172.16.100.43,,Din-tests,CaptivePortal-kiwire,NAS-Request,00:01:00,1.1807,0.4978,Desktop,Unknown,Unknown,default
"2022-02-09 16:23:33","2022-02-09 16:24:33",pfsense,2c:db:07:c5:10:39,172.16.100.43,,Din-tests,CaptivePortal-kiwire,NAS-Request,00:01:00,0.2607,0.3586,Desktop,Unknown,Unknown,default
"2022-02-09 16:24:34","2022-02-09 16:25:35",pfsense,2c:db:07:c5:10:39,172.16.100.43,,Din-tests,CaptivePortal-kiwire,NAS-Request,00:01:00,0.4590,0.6364,Desktop,Unknown,Unknown,default
"2022-02-09 16:25:36","2022-02-09 16:26:36",pfsense,2c:db:07:c5:10:39,172.16.100.43,,Din-tests,CaptivePortal-kiwire,NAS-Request,00:01:00,1.0674,1.0323,Desktop,Unknown,Unknown,default
"2022-02-09 16:26:37","2022-02-09 16:27:37",pfsense,2c:db:07:c5:10:39,172.16.100.43,,Din-tests,CaptivePortal-kiwire,NAS-Request,00:01:00,1.5459,1.0655,Desktop,Unknown,Unknown,default
"2022-02-09 16:27:38","2022-02-09 16:28:38",pfsense,2c:db:07:c5:10:39,172.16.100.43,,Din-tests,CaptivePortal-kiwire,NAS-Request,00:01:00,1.6641,1.4558,Desktop,Unknown,Unknown,default
"2022-02-09 16:28:39","2022-02-09 16:29:40",pfsense,2c:db:07:c5:10:39,172.16.100.43,,Din-tests,CaptivePortal-kiwire,NAS-Request,00:01:00,0.0352,0.4061,Desktop,Unknown,Unknown,default
"2022-02-09 16:29:41","2022-02-09 16:30:41",pfsense,2c:db:07:c5:10:39,172.16.100.43,,Din-tests,CaptivePortal-kiwire,NAS-Request,00:01:00,0.0439,0.5199,Desktop,Unknown,Unknown,default
"2022-02-09 16:30:42","2022-02-09 16:31:42",pfsense,2c:db:07:c5:10:39,172.16.100.43,,Din-tests,CaptivePortal-kiwire,NAS-Request,00:01:00,0.0225,0.1537,Desktop,Unknown,Unknown,default
"2022-02-09 16:31:43","2022-02-09 16:32:43",pfsense,2c:db:07:c5:10:39,172.16.100.43,,Din-tests,CaptivePortal-kiwire,NAS-Request,00:01:00,1.3623,1.1030,Desktop,Unknown,Unknown,default
"2022-02-09 16:32:44","2022-02-09 16:33:44",pfsense,2c:db:07:c5:10:39,172.16.100.43,,Din-tests,CaptivePortal-kiwire,NAS-Request,00:01:00,0.1953,0.3436,Desktop,Unknown,Unknown,default
"2022-02-09 16:33:45","2022-02-09 16:34:46",pfsense,2c:db:07:c5:10:39,172.16.100.43,,Din-tests,CaptivePortal-kiwire,NAS-Request,00:01:00,1.9473,0.5326,Desktop,Unknown,Unknown,default
"2022-02-09 16:34:47","2022-02-09 16:35:47",pfsense,2c:db:07:c5:10:39,172.16.100.43,,Din-tests,CaptivePortal-kiwire,NAS-Request,00:01:00,0.1484,0.6879,Desktop,Unknown,Unknown,default
"2022-02-09 16:35:48","2022-02-09 16:36:48",pfsense,2c:db:07:c5:10:39,172.16.100.43,,Din-tests,CaptivePortal-kiwire,NAS-Request,00:01:00,0.1328,0.2728,Desktop,Unknown,Unknown,default
"2022-02-09 16:36:49","2022-02-09 16:37:49",pfsense,2c:db:07:c5:10:39,172.16.100.43,,Din-tests,CaptivePortal-kiwire,NAS-Request,00:01:00,0.2012,0.3949,Desktop,Unknown,Unknown,default
"2022-02-09 16:37:50","2022-02-09 16:38:51",pfsense,2c:db:07:c5:10:39,172.16.100.43,,Din-tests,CaptivePortal-kiwire,NAS-Request,00:01:00,0.5527,0.5384,Desktop,Unknown,Unknown,default
"2022-02-09 16:38:52","2022-02-09 16:39:52",pfsense,2c:db:07:c5:10:39,172.16.100.43,,Din-tests,CaptivePortal-kiwire,NAS-Request,00:01:00,0.2061,0.2465,Desktop,Unknown,Unknown,default
"2022-02-09 16:39:53","2022-02-09 16:40:53",pfsense,2c:db:07:c5:10:39,172.16.100.43,,Din-tests,CaptivePortal-kiwire,NAS-Request,00:01:00,0.0107,0.0900,Desktop,Unknown,Unknown,default
"2022-02-09 16:40:54","2022-02-09 16:41:54",pfsense,2c:db:07:c5:10:39,172.16.100.43,,Din-tests,CaptivePortal-kiwire,NAS-Request,00:01:00,2.6494,1.1378,Desktop,Unknown,Unknown,default
"2022-02-09 16:41:55","2022-02-09 16:42:56",pfsense,2c:db:07:c5:10:39,172.16.100.43,,Din-tests,CaptivePortal-kiwire,NAS-Request,00:01:00,0.4004,0.4545,Desktop,Unknown,Unknown,default
"2022-02-09 16:42:57","2022-02-09 16:43:57",pfsense,2c:db:07:c5:10:39,172.16.100.43,,Din-tests,CaptivePortal-kiwire,NAS-Request,00:01:00,0.4229,0.5955,Desktop,Unknown,Unknown,default
"2022-02-09 16:43:58","2022-02-09 16:44:58",pfsense,2c:db:07:c5:10:39,172.16.100.43,,Din-tests,CaptivePortal-kiwire,NAS-Request,00:01:00,0.9883,1.0383,Desktop,Unknown,Unknown,default
"2022-02-09 16:44:59","2022-02-09 16:45:59",pfsense,2c:db:07:c5:10:39,172.16.100.43,,Din-tests,CaptivePortal-kiwire,NAS-Request,00:01:00,0.6797,0.5912,Desktop,Unknown,Unknown,default
"2022-02-09 16:46:01","2022-02-09 16:47:01",pfsense,2c:db:07:c5:10:39,172.16.100.43,,Din-tests,CaptivePortal-kiwire,NAS-Request,00:01:00,0.0244,0.2176,Desktop,Unknown,Unknown,default
"2022-02-09 16:47:02","2022-02-09 16:48:02",pfsense,2c:db:07:c5:10:39,172.16.100.43,,Din-tests,CaptivePortal-kiwire,NAS-Request,00:01:00,0.8057,0.6885,Desktop,Unknown,Unknown,default
"2022-02-09 16:48:03","2022-02-09 16:49:04",pfsense,2c:db:07:c5:10:39,172.16.100.43,,Din-tests,CaptivePortal-kiwire,NAS-Request,00:01:00,0.6904,0.5985,Desktop,Unknown,Unknown,default
"2022-02-09 16:49:05","2022-02-09 16:50:05",pfsense,2c:db:07:c5:10:39,172.16.100.43,,Din-tests,CaptivePortal-kiwire,NAS-Request,00:01:00,3.1016,0.7528,Desktop,Unknown,Unknown,default
"2022-02-09 16:50:06","2022-02-09 16:51:06",pfsense,2c:db:07:c5:10:39,172.16.100.43,,Din-tests,CaptivePortal-kiwire,NAS-Request,00:01:00,4.4199,1.6395,Desktop,Unknown,Unknown,default
"2022-02-09 16:51:07","2022-02-09 16:52:07",pfsense,2c:db:07:c5:10:39,172.16.100.43,,Din-tests,CaptivePortal-kiwire,NAS-Request,00:01:00,0.2617,0.2150,Desktop,Unknown,Unknown,default
"2022-02-09 16:52:08","2022-02-09 16:53:08",pfsense,2c:db:07:c5:10:39,172.16.100.43,,Din-tests,CaptivePortal-kiwire,NAS-Request,00:01:00,0.6299,0.5696,Desktop,Unknown,Unknown,default
"2022-02-09 16:53:10","2022-02-09 16:54:10",pfsense,2c:db:07:c5:10:39,172.16.100.43,,Din-tests,CaptivePortal-kiwire,NAS-Request,00:01:00,0.6006,0.8979,Desktop,Unknown,Unknown,default
"2022-02-09 16:54:11","2022-02-09 16:55:11",pfsense,2c:db:07:c5:10:39,172.16.100.43,,Din-tests,CaptivePortal-kiwire,NAS-Request,00:01:00,0.3955,0.3197,Desktop,Unknown,Unknown,default
"2022-02-09 16:55:12","2022-02-09 16:56:12",pfsense,2c:db:07:c5:10:39,172.16.100.43,,Din-tests,CaptivePortal-kiwire,NAS-Request,00:01:00,0.6738,0.3889,Desktop,Unknown,Unknown,default
"2022-02-09 16:56:13","2022-02-09 16:57:14",pfsense,2c:db:07:c5:10:39,172.16.100.43,,Din-tests,CaptivePortal-kiwire,NAS-Request,00:01:00,0.7578,0.3694,Desktop,Unknown,Unknown,default
"2022-02-09 16:57:15","2022-02-09 16:58:15",pfsense,2c:db:07:c5:10:39,172.16.100.43,,Din-tests,CaptivePortal-kiwire,NAS-Request,00:01:00,0.0176,0.1361,Desktop,Unknown,Unknown,default
"2022-02-09 16:58:16","2022-02-09 16:59:16",pfsense,2c:db:07:c5:10:39,172.16.100.43,,Din-tests,CaptivePortal-kiwire,NAS-Request,00:01:00,0.0215,0.1924,Desktop,Unknown,Unknown,default
"2022-02-09 16:59:17","2022-02-09 17:00:17",pfsense,2c:db:07:c5:10:39,172.16.100.43,,Din-tests,CaptivePortal-kiwire,NAS-Request,00:01:00,0.1035,0.5787,Desktop,Unknown,Unknown,default
"2022-02-09 17:00:18","2022-02-09 17:01:18",pfsense,2c:db:07:c5:10:39,172.16.100.43,,Din-tests,CaptivePortal-kiwire,NAS-Request,00:01:00,0.3906,0.7403,Desktop,Unknown,Unknown,default
"2022-02-09 17:01:19","2022-02-09 17:02:20",pfsense,2c:db:07:c5:10:39,172.16.100.43,,Din-tests,CaptivePortal-kiwire,NAS-Request,00:01:00,0.1377,0.5121,Desktop,Unknown,Unknown,default
"2022-02-09 17:02:21","2022-02-09 17:03:21",pfsense,2c:db:07:c5:10:39,172.16.100.43,,Din-tests,CaptivePortal-kiwire,NAS-Request,00:01:00,0.5400,1.8659,Desktop,Unknown,Unknown,default
"2022-02-09 17:03:22","2022-02-09 17:04:22",pfsense,2c:db:07:c5:10:39,172.16.100.43,,Din-tests,CaptivePortal-kiwire,NAS-Request,00:01:00,0.0752,0.2307,Desktop,Unknown,Unknown,default
"2022-02-09 17:04:23","2022-02-09 17:05:23",pfsense,2c:db:07:c5:10:39,172.16.100.43,,Din-tests,CaptivePortal-kiwire,NAS-Request,00:01:00,0.4209,1.5599,Desktop,Unknown,Unknown,default
"2022-02-09 17:05:24","2022-02-09 17:06:24",pfsense,2c:db:07:c5:10:39,172.16.100.43,,Din-tests,CaptivePortal-kiwire,NAS-Request,00:01:00,0.0498,0.1503,Desktop,Unknown,Unknown,default
"2022-02-09 17:06:26","2022-02-09 17:07:26",pfsense,2c:db:07:c5:10:39,172.16.100.43,,Din-tests,CaptivePortal-kiwire,NAS-Request,00:01:00,0.0566,0.3266,Desktop,Unknown,Unknown,default
"2022-02-09 17:07:27","2022-02-09 17:08:27",pfsense,2c:db:07:c5:10:39,172.16.100.43,,Din-tests,CaptivePortal-kiwire,NAS-Request,00:01:00,0.0791,0.3925,Desktop,Unknown,Unknown,default
"2022-02-09 17:08:28","2022-02-09 17:09:28",pfsense,2c:db:07:c5:10:39,172.16.100.43,,Din-tests,CaptivePortal-kiwire,NAS-Request,00:01:00,0.1152,0.3787,Desktop,Unknown,Unknown,default
"2022-02-09 17:09:29","2022-02-09 17:10:29",pfsense,2c:db:07:c5:10:39,172.16.100.43,,Din-tests,CaptivePortal-kiwire,NAS-Request,00:01:00,0.1055,0.1952,Desktop,Unknown,Unknown,default
"2022-02-09 17:10:30","2022-02-09 17:11:30",pfsense,2c:db:07:c5:10:39,172.16.100.43,,Din-tests,CaptivePortal-kiwire,NAS-Request,00:01:00,0.1064,0.2143,Desktop,Unknown,Unknown,default
"2022-02-09 17:11:32","2022-02-09 17:12:32",pfsense,2c:db:07:c5:10:39,172.16.100.43,,Din-tests,CaptivePortal-kiwire,NAS-Request,00:01:00,0.1299,0.5082,Desktop,Unknown,Unknown,default
"2022-02-09 17:12:33","2022-02-09 17:13:33",pfsense,2c:db:07:c5:10:39,172.16.100.43,,Din-tests,CaptivePortal-kiwire,NAS-Request,00:01:00,0.0518,0.1277,Desktop,Unknown,Unknown,default
"2022-02-09 17:13:34","2022-02-09 17:14:34",pfsense,2c:db:07:c5:10:39,172.16.100.43,,Din-tests,CaptivePortal-kiwire,NAS-Request,00:01:00,0.0635,0.1480,Desktop,Unknown,Unknown,default
"2022-02-09 17:14:35","2022-02-09 17:15:35",pfsense,2c:db:07:c5:10:39,172.16.100.43,,Din-tests,CaptivePortal-kiwire,NAS-Request,00:01:00,0.0850,0.1699,Desktop,Unknown,Unknown,default
"2022-02-09 17:15:36","2022-02-09 17:16:37",pfsense,2c:db:07:c5:10:39,172.16.100.43,,Din-tests,CaptivePortal-kiwire,NAS-Request,00:01:00,0.0488,0.1509,Desktop,Unknown,Unknown,default
"2022-02-09 17:16:38","2022-02-09 17:17:38",pfsense,2c:db:07:c5:10:39,172.16.100.43,,Din-tests,CaptivePortal-kiwire,NAS-Request,00:01:00,0.0547,0.1933,Desktop,Unknown,Unknown,default
"2022-02-09 17:17:39","2022-02-09 17:18:39",pfsense,2c:db:07:c5:10:39,172.16.100.43,,Din-tests,CaptivePortal-kiwire,NAS-Request,00:01:00,0.0498,0.1734,Desktop,Unknown,Unknown,default
"2022-02-09 17:18:40","2022-02-09 17:19:40",pfsense,2c:db:07:c5:10:39,172.16.100.43,,Din-tests,CaptivePortal-kiwire,NAS-Request,00:01:00,0.0557,0.1421,Desktop,Unknown,Unknown,default
"2022-02-09 17:19:41","2022-02-09 17:20:41",pfsense,2c:db:07:c5:10:39,172.16.100.43,,Din-tests,CaptivePortal-kiwire,NAS-Request,00:01:00,0.1660,0.3559,Desktop,Unknown,Unknown,default
"2022-02-09 17:20:42","2022-02-09 17:21:42",pfsense,2c:db:07:c5:10:39,172.16.100.43,,Din-tests,CaptivePortal-kiwire,NAS-Request,00:01:00,0.1240,0.2201,Desktop,Unknown,Unknown,default
"2022-02-09 17:21:44","2022-02-09 17:22:44",pfsense,2c:db:07:c5:10:39,172.16.100.43,,Din-tests,CaptivePortal-kiwire,NAS-Request,00:01:00,0.0771,0.2098,Desktop,Unknown,Unknown,default
"2022-02-09 17:22:45","2022-02-09 17:23:45",pfsense,2c:db:07:c5:10:39,172.16.100.43,,Din-tests,CaptivePortal-kiwire,NAS-Request,00:01:00,1.4033,0.9994,Desktop,Unknown,Unknown,default
"2022-02-09 17:23:46","2022-02-09 17:24:46",pfsense,2c:db:07:c5:10:39,172.16.100.43,,Din-tests,CaptivePortal-kiwire,NAS-Request,00:01:00,0.0752,0.2903,Desktop,Unknown,Unknown,default
"2022-02-09 17:24:47","2022-02-09 17:25:47",pfsense,2c:db:07:c5:10:39,172.16.100.43,,Din-tests,CaptivePortal-kiwire,NAS-Request,00:01:00,0.0898,0.1457,Desktop,Unknown,Unknown,default
"2022-02-09 17:25:48","2022-02-09 17:26:48",pfsense,2c:db:07:c5:10:39,172.16.100.43,,Din-tests,CaptivePortal-kiwire,NAS-Request,00:01:00,0.1055,0.1721,Desktop,Unknown,Unknown,default
"2022-02-09 17:26:49","2022-02-09 17:27:50",pfsense,2c:db:07:c5:10:39,172.16.100.43,,Din-tests,CaptivePortal-kiwire,NAS-Request,00:01:00,0.0996,0.3622,Desktop,Unknown,Unknown,default
"2022-02-09 17:27:51","2022-02-09 17:28:51",pfsense,2c:db:07:c5:10:39,172.16.100.43,,Din-tests,CaptivePortal-kiwire,NAS-Request,00:01:00,0.0781,0.1754,Desktop,Unknown,Unknown,default
"2022-02-09 17:28:52","2022-02-09 17:29:52",pfsense,2c:db:07:c5:10:39,172.16.100.43,,Din-tests,CaptivePortal-kiwire,NAS-Request,00:01:00,0.1016,0.1940,Desktop,Unknown,Unknown,default
"2022-02-09 17:29:53","2022-02-09 17:30:53",pfsense,2c:db:07:c5:10:39,172.16.100.43,,Din-tests,CaptivePortal-kiwire,NAS-Request,00:01:00,0.0732,0.1967,Desktop,Unknown,Unknown,default
"2022-02-09 17:30:54","2022-02-09 17:31:54",pfsense,2c:db:07:c5:10:39,172.16.100.43,,Din-tests,CaptivePortal-kiwire,NAS-Request,00:01:00,0.0488,0.1447,Desktop,Unknown,Unknown,default
"2022-02-09 17:31:55","2022-02-09 17:32:56",pfsense,2c:db:07:c5:10:39,172.16.100.43,,Din-tests,CaptivePortal-kiwire,NAS-Request,00:01:00,0.0352,0.1675,Desktop,Unknown,Unknown,default
"2022-02-09 17:32:57","2022-02-09 17:33:57",pfsense,2c:db:07:c5:10:39,172.16.100.43,,Din-tests,CaptivePortal-kiwire,NAS-Request,00:01:00,0.0234,0.1172,Desktop,Unknown,Unknown,default
"2022-02-09 17:33:58","2022-02-09 17:34:58",pfsense,2c:db:07:c5:10:39,172.16.100.43,,Din-tests,CaptivePortal-kiwire,NAS-Request,00:01:00,0.0596,0.1595,Desktop,Unknown,Unknown,default
"2022-02-09 17:34:59","2022-02-09 17:35:59",pfsense,2c:db:07:c5:10:39,172.16.100.43,,Din-tests,CaptivePortal-kiwire,NAS-Request,00:01:00,0.0576,0.1247,Desktop,Unknown,Unknown,default
"2022-02-09 17:36:00","2022-02-09 17:37:00",pfsense,2c:db:07:c5:10:39,172.16.100.43,,Din-tests,CaptivePortal-kiwire,NAS-Request,00:01:00,0.0508,0.2330,Desktop,Unknown,Unknown,default
"2022-02-09 17:37:01","2022-02-09 17:38:02",pfsense,2c:db:07:c5:10:39,172.16.100.43,,Din-tests,CaptivePortal-kiwire,NAS-Request,00:01:00,0.0303,0.1110,Desktop,Unknown,Unknown,default
"2022-02-09 17:38:03","2022-02-09 17:39:03",pfsense,2c:db:07:c5:10:39,172.16.100.43,,Din-tests,CaptivePortal-kiwire,NAS-Request,00:01:00,0.0322,0.1177,Desktop,Unknown,Unknown,default
"2022-02-09 17:39:04","2022-02-09 17:40:04",pfsense,2c:db:07:c5:10:39,172.16.100.43,,Din-tests,CaptivePortal-kiwire,NAS-Request,00:01:00,0.0469,0.1493,Desktop,Unknown,Unknown,default
"2022-02-09 17:40:05","2022-02-09 17:41:05",pfsense,2c:db:07:c5:10:39,172.16.100.43,,Din-tests,CaptivePortal-kiwire,NAS-Request,00:01:00,0.0303,0.1056,Desktop,Unknown,Unknown,default
"2022-02-09 17:41:06","2022-02-09 17:42:06",pfsense,2c:db:07:c5:10:39,172.16.100.43,,Din-tests,CaptivePortal-kiwire,NAS-Request,00:01:00,0.0430,0.1156,Desktop,Unknown,Unknown,default
"2022-02-09 17:42:08","2022-02-09 17:43:08",pfsense,2c:db:07:c5:10:39,172.16.100.43,,Din-tests,CaptivePortal-kiwire,NAS-Request,00:01:00,0.0361,0.1310,Desktop,Unknown,Unknown,default
"2022-02-09 17:43:09","2022-02-09 17:44:09",pfsense,2c:db:07:c5:10:39,172.16.100.43,,Din-tests,CaptivePortal-kiwire,NAS-Request,00:01:00,0.0332,0.1086,Desktop,Unknown,Unknown,default
"2022-02-09 17:44:10","2022-02-09 17:45:10",pfsense,2c:db:07:c5:10:39,172.16.100.43,,Din-tests,CaptivePortal-kiwire,NAS-Request,00:01:00,0.0469,0.1834,Desktop,Unknown,Unknown,default
"2022-02-09 17:45:11","2022-02-09 17:46:11",pfsense,2c:db:07:c5:10:39,172.16.100.43,,Din-tests,CaptivePortal-kiwire,NAS-Request,00:01:00,0.0674,0.1494,Desktop,Unknown,Unknown,default
"2022-02-09 17:46:12","2022-02-09 17:47:13",pfsense,2c:db:07:c5:10:39,172.16.100.43,,Din-tests,CaptivePortal-kiwire,NAS-Request,00:01:00,0.2148,0.4216,Desktop,Unknown,Unknown,default
"2022-02-09 17:47:14","2022-02-09 17:48:14",pfsense,2c:db:07:c5:10:39,172.16.100.43,,Din-tests,CaptivePortal-kiwire,NAS-Request,00:01:00,0.0234,0.1110,Desktop,Unknown,Unknown,default
"2022-02-09 17:48:15","2022-02-09 17:49:15",pfsense,2c:db:07:c5:10:39,172.16.100.43,,Din-tests,CaptivePortal-kiwire,NAS-Request,00:01:00,0.0215,0.1212,Desktop,Unknown,Unknown,default
"2022-02-09 17:49:16","2022-02-09 17:50:16",pfsense,2c:db:07:c5:10:39,172.16.100.43,,Din-tests,CaptivePortal-kiwire,NAS-Request,00:01:00,0.0195,0.1244,Desktop,Unknown,Unknown,default
"2022-02-09 17:50:17","2022-02-09 17:51:17",pfsense,2c:db:07:c5:10:39,172.16.100.43,,Din-tests,CaptivePortal-kiwire,NAS-Request,00:01:00,0.0176,0.1141,Desktop,Unknown,Unknown,default
"2022-02-09 17:51:18","2022-02-09 17:52:19",pfsense,2c:db:07:c5:10:39,172.16.100.43,,Din-tests,CaptivePortal-kiwire,NAS-Request,00:01:00,0.0166,0.0799,Desktop,Unknown,Unknown,default
"2022-02-09 17:52:20","2022-02-09 17:53:20",pfsense,2c:db:07:c5:10:39,172.16.100.43,,Din-tests,CaptivePortal-kiwire,NAS-Request,00:01:00,0.0947,0.1792,Desktop,Unknown,Unknown,default
"2022-02-09 17:53:21","2022-02-09 17:54:21",pfsense,2c:db:07:c5:10:39,172.16.100.43,,Din-tests,CaptivePortal-kiwire,NAS-Request,00:01:00,0.0703,0.1135,Desktop,Unknown,Unknown,default
"2022-02-09 17:54:22","2022-02-09 17:55:22",pfsense,2c:db:07:c5:10:39,172.16.100.43,,Din-tests,CaptivePortal-kiwire,NAS-Request,00:01:00,0.1895,0.2215,Desktop,Unknown,Unknown,default
"2022-02-09 17:55:23","2022-02-09 17:56:23",pfsense,2c:db:07:c5:10:39,172.16.100.43,,Din-tests,CaptivePortal-kiwire,NAS-Request,00:01:00,0.5107,0.2043,Desktop,Unknown,Unknown,default
"2022-02-09 17:56:24","2022-02-09 17:57:25",pfsense,2c:db:07:c5:10:39,172.16.100.43,,Din-tests,CaptivePortal-kiwire,NAS-Request,00:01:00,0.1826,0.3043,Desktop,Unknown,Unknown,default
"2022-02-09 17:57:26","2022-02-09 17:58:26",pfsense,2c:db:07:c5:10:39,172.16.100.43,,Din-tests,CaptivePortal-kiwire,NAS-Request,00:01:00,0.0586,0.1371,Desktop,Unknown,Unknown,default
"2022-02-09 17:58:27","2022-02-09 17:59:27",pfsense,2c:db:07:c5:10:39,172.16.100.43,,Din-tests,CaptivePortal-kiwire,NAS-Request,00:01:00,0.1074,0.6312,Desktop,Unknown,Unknown,default
"2022-02-09 17:59:28","2022-02-09 18:00:28",pfsense,2c:db:07:c5:10:39,172.16.100.43,,Din-tests,CaptivePortal-kiwire,NAS-Request,00:01:00,0.0615,0.2730,Desktop,Unknown,Unknown,default
"2022-02-09 18:00:29","2022-02-09 18:01:30",pfsense,2c:db:07:c5:10:39,172.16.100.43,,Din-tests,CaptivePortal-kiwire,NAS-Request,00:01:00,0.0684,0.1257,Desktop,Unknown,Unknown,default
"2022-02-09 18:01:31","2022-02-09 18:02:31",pfsense,2c:db:07:c5:10:39,172.16.100.43,,Din-tests,CaptivePortal-kiwire,NAS-Request,00:01:00,0.0586,0.3666,Desktop,Unknown,Unknown,default
"2022-02-09 18:02:32","2022-02-09 18:03:32",pfsense,2c:db:07:c5:10:39,172.16.100.43,,Din-tests,CaptivePortal-kiwire,NAS-Request,00:01:00,0.0322,0.1231,Desktop,Unknown,Unknown,default
"2022-02-09 18:03:34","2022-02-09 18:04:34",pfsense,2c:db:07:c5:10:39,172.16.100.43,,Din-tests,CaptivePortal-kiwire,NAS-Request,00:01:00,0.0313,0.1088,Desktop,Unknown,Unknown,default
"2022-02-09 18:04:35","2022-02-09 18:05:35",pfsense,2c:db:07:c5:10:39,172.16.100.43,,Din-tests,CaptivePortal-kiwire,NAS-Request,00:01:00,0.0352,0.1257,Desktop,Unknown,Unknown,default
"2022-02-09 18:05:36","2022-02-09 18:06:36",pfsense,2c:db:07:c5:10:39,172.16.100.43,,Din-tests,CaptivePortal-kiwire,NAS-Request,00:01:00,0.0381,0.1189,Desktop,Unknown,Unknown,default
"2022-02-09 18:06:37","2022-02-09 18:07:38",pfsense,2c:db:07:c5:10:39,172.16.100.43,,Din-tests,CaptivePortal-kiwire,NAS-Request,00:01:00,0.0303,0.1334,Desktop,Unknown,Unknown,default
"2022-02-09 18:07:39","2022-02-09 18:08:39",pfsense,2c:db:07:c5:10:39,172.16.100.43,,Din-tests,CaptivePortal-kiwire,NAS-Request,00:01:00,0.0156,0.0675,Desktop,Unknown,Unknown,default
"2022-02-09 18:08:40","2022-02-09 18:09:40",pfsense,2c:db:07:c5:10:39,172.16.100.43,,Din-tests,CaptivePortal-kiwire,NAS-Request,00:01:00,0.0020,0.0035,Desktop,Unknown,Unknown,default
"2022-02-09 18:09:41","2022-02-09 18:10:41",pfsense,2c:db:07:c5:10:39,172.16.100.43,,Din-tests,CaptivePortal-kiwire,Idle-Timeout,00:00:00,0.0000,0.0000,Desktop,Unknown,Unknown,default
